[
    {"id":1 , "name":"กระบี่"},
    {"id":2 , "name":"กรุงเทพฯ"},
    {"id":3 , "name":"กาญจนบุรี"},
    {"id":4 , "name":"กาฬสินธุ์"},
    {"id":5 , "name":"กำแพงเพชร"},
    {"id":6 , "name":"ขอนแก่น"},
    {"id":7 , "name":"จันทบุรี"},
    {"id":8 , "name":"ฉะเชิงเทรา"},
    {"id":9 , "name":"ชลบุรี"},
    {"id":10 , "name":"ชัยนาท"},
    {"id":11 , "name":"ชัยภูมิ"},
    {"id":12 , "name":"ชุมพร"},
    {"id":13 , "name":"เชียงราย"},
    {"id":14 , "name":"เชียงใหม่"},
    {"id":15 , "name":"ตรัง"},
    {"id":16 , "name":"ตราด"},
    {"id":17 , "name":"ตาก"},
    {"id":18 , "name":"นครนายก"},
    {"id":19 , "name":"นครปฐม"},
    {"id":20 , "name":"นครพนม"},
    {"id":21 , "name":"นครราชสีมา"},
    {"id":22 , "name":"นครศรีธรรมราช"},
    {"id":23 , "name":"นครสวรรค์"},
    {"id":24 , "name":"นนทบุรี"},
    {"id":25 , "name":"นราธิวาส"},
    {"id":26 , "name":"น่าน"},
    {"id":27, "name":"บึงกาฬ"},
    {"id":28 , "name":"บุรีรัมย์"},
    {"id":29 , "name":"ปทุมธานี"},
    {"id":30 , "name":"ประจวบคีรีขันธ์"},
    {"id":31 , "name":"ปราจีนบุรี"},
    {"id":32 , "name":"ปัตตานี"},
    {"id":33 , "name":"พระนครศรีอยุธยา"},
    {"id":34 , "name":"พะเยา"},
    {"id":35 , "name":"พังงา"},
    {"id":36 , "name":"พัทลุง"},
    {"id":37 , "name":"พิจิตร"},
    {"id":38 , "name":"พิษณุโลก"},
    {"id":39 , "name":"เพชรบุรี"},
    {"id":40 , "name":"เพชรบูรณ์"},
    {"id":41 , "name":"แพร่"},
    {"id":42 , "name":"ภูเก็ต"},
    {"id":43 , "name":"มหาสารคาม"},
    {"id":44 , "name":"มุกดาหาร"},
    {"id":45 , "name":"แม่ฮ่องสอน"},
    {"id":46 , "name":"ยโสธร"},
    {"id":47 , "name":"ยะลา"},
    {"id":48 , "name":"ร้อยเอ็ด"},
    {"id":49 , "name":"ระนอง"},
    {"id":50 , "name":"ระยอง"},
    {"id":51 , "name":"ราชบุรี"},
    {"id":52 , "name":"ลพบุรี"},
    {"id":53 , "name":"ลำปาง"},
    {"id":54 , "name":"ลำพูน"},
    {"id":55 , "name":"เลย"},
    {"id":56 , "name":"ศรีสะเกษ"},
    {"id":57 , "name":"สกลนคร"},
    {"id":58 , "name":"สงขลา"},
    {"id":59 , "name":"สตูล"},
    {"id":60 , "name":"สมุทรปราการ"},
    {"id":61 , "name":"สมุทรสงคราม"},
    {"id":62 , "name":"สมุทรสาคร"},
    {"id":63 , "name":"สระแก้ว"},
    {"id":64 , "name":"สระบุรี"},
    {"id":65 , "name":"สิงห์บุรี"},
    {"id":66 , "name":"สุโขทัย"},
    {"id":67 , "name":"สุพรรณบุรี"},
    {"id":68 , "name":"สุราษฎร์ธานี"},
    {"id":69 , "name":"สุรินทร์"},
    {"id":70 , "name":"หนองคาย"},
    {"id":71 , "name":"หนองบัวลำภู"},
    {"id":72 , "name":"อ่างทอง"},
    {"id":73 , "name":"อำนาจเจริญ"},
    {"id":74 , "name":"อุดรธานี"},
    {"id":75 , "name":"อุตรดิตถ์"},
    {"id":76 , "name":"อุทัยธานี"},
    {"id":77 , "name":"อุบลราชธานี"}
]